Folder,Filename
admin,end_user_agreement.php
admin,forgot_password.php
admin,forgot_vendor_username_password.php
admin,index.php
admin,labels.php
admin,main.php
admin,vendor_login.php
admin,add_modules.php
admin,add_sub_modules.php
admin,clients.php
admin,edit_modules.php
admin,edit_sub_modules.php
admin,sub_module.php
admin,modules.php
inventory,add_inventory_transaction.php
inventory,add_kit_component_transactions.php
inventory,bar_code_interface/create_bar_codes.php
inventory,bar_code_interface/import_inventory_issues.php
inventory,bar_code_interface/import_physical_count.php
inventory,bar_code_interface/import_pick_ticket_issues.php
inventory,bar_code_interface/physical_count_variance_rpt.php
inventory,bar_code_interface/print_stk_req_picking_ticket.php
inventory,bar_code_interface/update_physical_count.php
inventory,edit_inventory_transaction.php
inventory,edit_kit_component.php
inventory,inventory_status_inquiry.php
inventory,inventory_trans_bridge.php
inventory,inventory_transaction.php
inventory,kit_component_transactions.php
inventory,manage_inventory_transaction.php
inventory,manage_kit_component_transactions.php
inventory,usage_history_inquiry.php
inventory,warehouse_transfer.php
inventory_reports,inventory_change_report.php
inventory_reports,physical_inventory_count_report.php
inventory_reports,report_disbursement.php
inventory_reports,report_inv_status_options.php
inventory_reports,report_inv_trans.php
inventory_reports,report_kit_usage.php
inventory_reports,report_lot_num_reconciliation.php
inventory_reports,report_physical_inv_worksheet.php
inventory_reports,report_physical_inventory_tag_options.php
inventory_reports,report_reorder_analysis.php
inventory_reports,report_serial_num_reconciliation.php
invoice,add_batch_info.php
invoice,edit_batch_info.php
invoice,invoice_app_log.php
invoice,invoice_approvals.php
invoice,invoice_bridge.php
invoice,invoice_email_alerts_log.php
invoice,invoice_entry.php
invoice,manage_batch_info.php
invoice,manage_invoice.php
invoice,purchase_order_history.php
invoice,review_po_document.php
invoice,voucher_inquiry.php
invoice,edit_invoice_entry.php
invoice,invoice_review.php
invoice_reports,invoice_audit_report.php
invoice_reports,month_end_report.php
invoice_reports,report_ap_gl_accountcode_analysis.php
invoice_reports,report_approved_invoice.php
invoice_reports,report_invoice_detail.php
invoice_reports,report_unmatched_receipts.php
master_files,add_1099_code.php
master_files,add_allocations.php
master_files,add_bank_code.php
master_files,add_bill_to_code.php
master_files,add_catalog.php
master_files,add_commodity_code.php
master_files,add_contracts.php
master_files,add_corporation.php
master_files,add_currency_translation.php
master_files,add_gl_account_code.php
master_files,add_gl_level.php
master_files,add_inventory.php
master_files,add_job_numbers.php
master_files,add_kits.php
master_files,add_material.php
master_files,add_po_type.php
master_files,add_priority_code.php
master_files,add_project_number.php
master_files,add_receiving_department.php
master_files,add_ship_to_code.php
master_files,add_special_text.php
master_files,add_tax_code.php
master_files,add_terms_code.php
master_files,add_um_translation.php
master_files,add_units_of_measure.php
master_files,add_user.php
master_files,add_vendor_group.php
master_files,add_vendor_type.php
master_files,add_vendors.php
master_files,contracts/manage_contracts.php
master_files,contracts/report_contracts.php
master_files,contracts_email_alerts_log.php
master_files,edit_1099_code.php
master_files,edit_allocations.php
master_files,edit_bank_code.php
master_files,edit_bill_to_code.php
master_files,edit_catalog.php
master_files,edit_commodity_code.php
master_files,edit_currency_translation.php
master_files,edit_gl_account_code.php
master_files,edit_inventory.php
master_files,edit_kits.php
master_files,edit_po_type.php
master_files,edit_priority_code.php
master_files,edit_project_number.php
master_files,edit_receiving_department.php
master_files,edit_ship_to_code.php
master_files,edit_special_text.php
master_files,edit_tax_code.php
master_files,edit_terms_code.php
master_files,edit_um_translation.php
master_files,edit_units_of_measure.php
master_files,edit_user.php
master_files,edit_vendor_group.php
master_files,edit_vendor_type.php
master_files,global_dictionary.php
master_files,manage_1099_code.php
master_files,manage_allocations.php
master_files,manage_bank_code.php
master_files,manage_bill_to_code.php
master_files,manage_catalog.php
master_files,manage_commodity_code.php
master_files,manage_corporation.php
master_files,manage_currency_translation.php
master_files,manage_gl_account_code.php
master_files,manage_gl_level.php
master_files,manage_inventory.php
master_files,manage_job_numbers.php
master_files,manage_kits.php
master_files,manage_material.php
master_files,manage_po_type.php
master_files,manage_priority_code.php
master_files,manage_project_number.php
master_files,manage_receiving_department.php
master_files,manage_ship_to_code.php
master_files,manage_special_text.php
master_files,manage_tax_code.php
master_files,manage_terms_code.php
master_files,manage_um_translation.php
master_files,manage_units_of_measure.php
master_files,manage_user.php
master_files,manage_vendor_group.php
master_files,manage_vendor_type.php
master_files,manage_vendors.php
master_files,reset_user_password.php
master_files,system_info.php
master_files,third_party_erp.php
master_files,edit_corporation.php
master_files,edit_gl_level.php
master_files,edit_material.php
master_files,edit_vendors.php
master_files,reset_vendor_password.php
master_files,add_warehouse_layout.php
master_files,edit_job_numbers.php
master_files,edit_warehouse_layout.php
master_files,manage_warehouse_layout.php
master_files_reports,report_bankcode.php
master_files_reports,report_billcode.php
master_files_reports,report_budget_control.php
master_files_reports,report_catalog.php
master_files_reports,report_code1099.php
master_files_reports,report_commodity_code.php
master_files_reports,report_corp.php
master_files_reports,report_employee.php
master_files_reports,report_gl_account_code.php
master_files_reports,report_gl_level1.php
master_files_reports,report_gl_level2.php
master_files_reports,report_gl_level3.php
master_files_reports,report_gl_level4.php
master_files_reports,report_gl_level5.php
master_files_reports,report_gl_level6.php
master_files_reports,report_inventory.php
master_files_reports,report_job_numbers.php
master_files_reports,report_kits.php
master_files_reports,report_material.php
master_files_reports,report_po_type.php
master_files_reports,report_priority_code.php
master_files_reports,report_project_number.php
master_files_reports,report_receiving_department.php
master_files_reports,report_ship_to_code.php
master_files_reports,report_special_text.php
master_files_reports,report_tax_code.php
master_files_reports,report_terms_code.php
master_files_reports,report_third_party.php
master_files_reports,report_unit_of_measure_trans.php
master_files_reports,report_units_of_measure.php
master_files_reports,report_vendor_group.php
master_files_reports,report_vendor_type.php
master_files_reports,report_vendors.php
master_files_reports,report_warehouse_layout.php
po,add_blanket_po.php
po,add_blanket_release.php
po,add_standard_po.php
po,automated_history_card.php
po,copy_standard_po.php
po,create_bpo_from_rfq.php
po,create_rel_from_req.php
po,create_spo_from_rfq.php
po,duplicate_pos.php
po,edit_blanket_po.php
po,edit_standard_po.php
po,line_item_info.php
po,manage_blanket_release.php
po,manage_standard_po.php
po,material_contract.php
po,material_on_order.php
po,missing_receipt_required.php
po,modify_po.php
po,po_app_log.php
po,po_approvals.php
po,po_email_alerts_log.php
po,po_email_log.php
po,po_fax_log.php
po,po_from_previous.php
po,po_from_req.php
po,po_from_rfq.php
po,po_punch_log.php
po,po_review.php
po,create_bpo_from_req.php
po,create_spo_from_req.php
po,edit_blanket_release.php
po,manage_blanket_po.php
po_reports,accrual_report.php
po_reports,export_po_audit_rep.php
po_reports,po_change_rep.php
po_reports,print_po_document.php
po_reports,report_blanket_po_status.php
po_reports,report_gl_account_analysis.php
po_reports,report_po_analysis.php
po_reports,report_po_maintenance.php
po_reports,report_purchase_price.php
po_reports,report_vendor_analysis.php
receiving,add_material_receipt.php
receiving,add_unplanned_receipt.php
receiving,attachment_iframe.php
receiving,custom_barcode/pdf_print_barcode_aramark.php
receiving,custom_barcode/pdf_print_barcode_cbk.php
receiving,custom_ticket/DBF/pdf_receiving_ticket.php
receiving,edit_material_receipt.php
receiving,edit_unplanned_receipt.php
receiving,manage_material_receipt.php
receiving,manage_unplanned_receipt.php
receiving,material_receipts_summary.php
receiving,pdf_print_barcode.php
receiving,pdf_receiving_ticket.php
receiving,rec_email_log.php
receiving_reports,report_ap_receiving.php
receiving_reports,report_closed_po.php
receiving_reports,report_open_po_status.php
receiving_reports,report_overdue_po_status.php
receiving_reports,report_receiving.php
receiving_reports,report_vendor_performance.php
requisitions,add_item_requisition.php
requisitions,add_requisition.php
requisitions,add_requisition_new.php
requisitions,attachment_iframe.php
requisitions,Copy of req_approvals.php
requisitions,create_req_from_rfq.php
requisitions,edit_item_requisition.php
requisitions,edit_requisition.php
requisitions,get_budget_info_approval.php
requisitions,manage_item_requisition.php
requisitions,manage_requisition.php
requisitions,process_req_edit_data.php
requisitions,req_allocations.php
requisitions,req_app_log.php
requisitions,req_approvals.php
requisitions,req_approvals_workingOn.php
requisitions,req_email_alerts_log.php
requisitions,req_from_rfq.php
requisitions,req_status_inquiry.php
requisitions,reqs_from_previous_reqs.php
requisitions,review_format.php
requisitions_reports,print_req_document.php
requisitions_reports,requisition_change_report.php
requisitions_reports,requisition_status_report.php
rfq,add_request_for_quotation.php
rfq,add_vendor_bids.php
rfq,award_bid.php
rfq,bidattachment_iframe.php
rfq,delete_request_for_quotation.php
rfq,delete_vendor_bid.php
rfq,edit_request_for_quotation.php
rfq,get_rfq_info.php
rfq,get_rfq_listforvbid.php
rfq,get_vendor_info.php
rfq,manage_rfq.php
rfq,manage_vendor_bids.php
rfq,print_rfq_document.php
rfq,process_copy_rfq_data.php
rfq,process_edit_rfq_data.php
rfq,process_edit_rfq_data_new.php
rfq,request_quotation_email_log.php
rfq,request_quotation_fax_log.php
rfq,review_vendor_bids.php
rfq,review_vendor_bids_old.php
rfq,rfq_from_req.php
rfq,rfq_review_format.php
rfq,rfq_status.php
rfq,rfqattachment_iframe.php
rfq,rfqs_from_previous_rfqs.php
rfq,create_rfq_from_req.php
rfq_reports,rfq_summary_report.php
utilities,accumulated_budget_report.php
utilities,archive_po.php
utilities,bulk_warehouse_transfer.php
utilities,catalog_security.php
utilities,change_item_codes.php
utilities,clean_up_users.php
utilities,clear_data.php
utilities,clear_ownership.php
utilities,convert/convert.php
utilities,convert/updateattach.php
utilities,convert/updatecon.php
utilities,convert/updatereq.php
utilities,copy_corp_data.php
utilities,dbdump/backup_db.php
utilities,delete_reports.php
utilities,delete_tempfiles.php
utilities,export_reps.php
utilities,export_req.php
utilities,generate_qwc_file.php
utilities,generate_vouchers.php
utilities,import/asset_service_history.php
utilities,import/export_files.php
utilities,import/import_gl_levels.php
utilities,import/maintain_asset_control_files.php
utilities,import/maintain_asset_master.php
utilities,import/maintain_catalog.php
utilities,import/maintain_contracts.php
utilities,import/maintain_control_files.php
utilities,import/maintain_corp.php
utilities,import/maintain_employee.php
utilities,import/maintain_gl_employee.php
utilities,import/maintain_gl_jobcode.php
utilities,import/maintain_gl_projcode.php
utilities,import/maintain_inventory.php
utilities,import/maintain_material_items.php
utilities,import/maintain_units_of_measure.php
utilities,import/maintain_vendors.php
utilities,import/upload_inventory_transaction.php
utilities,import/upload_receipts.php
utilities,import/upload_requisitions.php
utilities,import/upload_standard_po.php
utilities,import_assets.php
utilities,import_purged_data.php
utilities,merge_spreadsheets.php
utilities,move_account_number.php
utilities,move_vendors_to_common.php
utilities,overdollar_req.php
utilities,pdf_change_item_errors.php
utilities,pdf_import_asset_errors.php
utilities,pdf_move_vendors_to_common_errors.php
utilities,pdf_pending_req.php
utilities,pdf_update_budget.php
utilities,po_glacc.php
utilities,po_receipt.php
utilities,process_merge_spreadsheets.php
utilities,purge.php
utilities,purge_asset_control_files.php
utilities,purge_asset_service_history.php
utilities,purge_assets.php
utilities,purge_commodity_code.php
utilities,purge_contract.php
utilities,purge_corporation.php
utilities,purge_employee.php
utilities,purge_gl_levels.php
utilities,purge_inv_trans.php
utilities,purge_invoice.php
utilities,purge_kit.php
utilities,purge_materials.php
utilities,purge_materials_new.php
utilities,purge_receipts.php
utilities,purge_req.php
utilities,purge_rfq.php
utilities,purge_unit_of_measure.php
utilities,purge_vendor.php
utilities,push_quickbooks.php
utilities,quickbooks_server_interface.php
utilities,report_user_submodule_access.php
utilities,req_app_log.php
utilities,reset_po_receipt.php
utilities,reset_users.php
utilities,reset_voucher.php
utilities,resetmp.php
utilities,resetpo.php
utilities,search_dup_inv_trans.php
utilities,update_budget.php
utilities,update_duplicate_req_numbers.php
utilities,updatereq.php
utilities,user_submodule_access.php
utilities,userclass_submodule_access.php
utilities,users_logged.php
vendor_login,cancel_vendor.php
vendor_login,index.php
vendor_login,login.php
vendor_login,register.php
warehouse,manage_wo.php
warehouse,open_wo_status.php
warehouse,print_packing_slip.php
warehouse,print_shipping_label.php
warehouse,print_wo_document.php
warehouse,process_back_orders.php
warehouse,wo_history.php
warehouse,wo_receiving_verification.php
warehouse,wo_shipping_verification.php
warehouse,wo.php
warehouse_reports,overdue_wo_status_report.php
warehouse_reports,wo_analysis_report.php
